[
  {
    "name": "theme_info",
    "theme_name": "Alpha Origin",
    "theme_version": "1.0.1",
    "theme_author": "You",
    "theme_documentation_url": "https://shopify.com/support",
    "theme_support_url": "https://shopify.com/support"
  },
  {
    "name": "Colors",
    "settings": [
      {
        "type": "color",
        "id": "color_background",
        "label": "Background",
        "default": "#000000"
      },
      {
        "type": "color",
        "id": "color_text",
        "label": "Text",
        "default": "#FFFFFF"
      },
      {
        "type": "color",
        "id": "color_accent",
        "label": "Accent",
        "default": "#00BFFF"
      }
    ]
  },
  {
    "name": "Typography",
    "settings": [
      {
        "type": "font_picker",
        "id": "font_heading",
        "label": "Headings",
        "default": "montserrat_n7"
      },
      {
        "type": "font_picker",
        "id": "font_body",
        "label": "Body",
        "default": "inter_n4"
      }
    ]
  }
]